작물,재배구분,기준,N_min_kg_10a,N_max_kg_10a,P2O5_min_kg_10a,P2O5_max_kg_10a,K2O_min_kg_10a,K2O_max_kg_10a,요소_min_kg_10a,요소_max_kg_10a,용성인비_용과린_min_kg_10a,용성인비_용과린_max_kg_10a,염화가리_min_kg_10a,염화가리_max_kg_10a,퇴비_min_kg_10a,퇴비_max_kg_10a,제품량_산출방식,성분표기,비고,출처구분,출처_URL
감자,봄재배,농사로 작형별 표준시비량,10.0,10.0,8.8,8.8,13.0,13.0,22.0,22.0,44.0,44.0,22.0,22.0,1500,2000,농사로 직접 제시값,N-P2O5-K2O,전량 밑거름 기준. 지역과 필지별 비옥도에 따라 조정.,농사로,https://www.nongsaro.go.kr/portal/ps/psb/psbl/workScheduleDtl.ps?cntntsNo=30699&menuId=PS00087&sKidofcomdtySeCode=210005&totalSearchYn=Y
감자,여름재배,농사로 작형별 표준시비량,13.7,13.7,3.3,3.3,11.4,11.4,30.0,30.0,16.5,16.5,19.0,19.0,1500,2000,농사로 직접 제시값,N-P2O5-K2O,전량 밑거름 기준. 지역과 필지별 비옥도에 따라 조정.,농사로,https://www.nongsaro.go.kr/portal/ps/psb/psbl/workScheduleDtl.ps?cntntsNo=30699&menuId=PS00087&sKidofcomdtySeCode=210005&totalSearchYn=Y
감자,가을재배,농사로 작형별 표준시비량,12.0,12.0,8.8,8.8,13.0,13.0,26.0,26.0,44.0,44.0,22.0,22.0,1500,2000,농사로 직접 제시값,N-P2O5-K2O,전량 밑거름 기준. 농사로 표에는 봄재배보다 질소 증시 주의사항이 함께 제시됨.,농사로,https://www.nongsaro.go.kr/portal/ps/psb/psbl/workScheduleDtl.ps?cntntsNo=30699&menuId=PS00087&sKidofcomdtySeCode=210005&totalSearchYn=Y
감자,겨울재배,농사로 작형별 표준시비량,10.0,10.0,8.8,8.8,13.0,13.0,22.0,22.0,44.0,44.0,22.0,22.0,1500,2000,농사로 직접 제시값,N-P2O5-K2O,전량 밑거름 기준. 지역과 필지별 비옥도에 따라 조정.,농사로,https://www.nongsaro.go.kr/portal/ps/psb/psbl/workScheduleDtl.ps?cntntsNo=30699&menuId=PS00087&sKidofcomdtySeCode=210005&totalSearchYn=Y
오이,일반 재배,농사로 총 시비량,24.0,24.0,16.4,16.4,23.8,23.8,52.2,52.2,82.0,82.0,39.7,39.7,2000,2000,"요소 46%, 용성인비 20%, 염화가리 60%로 환산",N-P2O5-K2O,질소·칼리는 밑거름과 3회 웃거름으로 나눔. 인산과 퇴비는 전량 밑거름.,농사로,https://www.nongsaro.go.kr/portal/ps/psb/psbl/workScheduleDtl.ps?cntntsNo=30636&menuId=PS00087&sKidofcomdtySeCode=210001&totalSearchYn=Y
상추,시설·기본 재배,농사로 비료주기 표,7.0,7.0,3.0,3.0,3.6,3.6,15.2,15.2,15.0,15.0,6.0,6.0,1500,1500,"요소 46%, 용성인비 20%, 염화가리 60%로 환산",N-P2O5-K2O,"밑거름 50%, 인산·퇴비 전량 밑거름, 웃거름은 약 10일 간격.",농사로,https://www.nongsaro.go.kr/portal/ps/psb/psbl/workScheduleDtl.ps?cntntsNo=30624&menuId=PS00087
상추,노지재배,농사로 노지재배 별도 표기,20.0,20.0,5.9,5.9,12.8,12.8,43.5,43.5,29.5,29.5,21.3,21.3,1500,1500,"요소 46%, 용성인비 20%, 염화가리 60%로 환산",N-P2O5-K2O,농사로 페이지의 노지재배 별도 수치. 토양검정과 재배기간에 따라 조정.,농사로,https://www.nongsaro.go.kr/portal/ps/psb/psbl/workScheduleDtl.ps?cntntsNo=30624&menuId=PS00087
사과,성목,농사로 성목 범위,12.0,15.0,6.0,8.0,10.0,12.0,26.1,32.6,30.0,40.0,16.7,20.0,,,"요소 46%, 용성인비 20%, 염화가리 60%로 환산",N-P2O5-K2O,농사로는 성목 NPK 범위만 제시하고 이 페이지에는 정량 퇴비량이 없음. 토양 유기물 목표는 3% 이상.,농사로,https://www.nongsaro.go.kr/portal/ps/psb/psbl/workScheduleDtl.ps?cntntsNo=30663&menuId=PS00087&sKidofcomdtySeCode=FT
배,성목 20년 이상(보완참고),과거 원예연구소 수령별 표준표 재인용,20.0,25.0,13.0,18.0,18.0,23.0,43.5,54.3,65.0,90.0,30.0,38.3,2000,2000,"요소 46%, 용성인비 20%, 염화가리 60%로 환산",N-P2O5-K2O,농사로 배 농작업일정 페이지에는 정량 NPK 표가 없어 과거 원예연구소 표를 재인용한 보완자료를 사용. 비옥지~척박지 범위이며 반드시 토양검정으로 조정.,보완자료(과거 원예연구소 표 재인용),https://33063590.tistory.com/9788086
